{
	"format_version": "1.21.6",
	"credit": "Made with Blockbench",
	"texture_size": [32, 32],
	"textures": {
		"0": "create:block/pipes",
		"particle": "create:block/pipes"
	},
	"elements": [
		{
			"name": "rim_south",
			"from": [4, 4, 12],
			"to": [12, 12, 16],
			"rotation": {"angle": 0, "axis": "y", "origin": [0, 8, 0]},
			"faces": {
				"east": {"uv": [4, 6, 8, 8], "rotation": 90, "texture": "#0"},
				"west": {"uv": [4, 8, 8, 6], "rotation": 90, "texture": "#0"},
				"up": {"uv": [4, 8, 8, 6], "rotation": 180, "texture": "#0"},
				"down": {"uv": [4, 6, 8, 8], "rotation": 180, "texture": "#0"}
			}
		}
	]
}