{
	"format_version": "1.21.6",
	"credit": "Made with Blockbench",
	"texture_size": [32, 32],
	"textures": {
		"0": "create:block/pipes",
		"particle": "create:block/pipes"
	},
	"elements": [
		{
			"name": "rim_west",
			"from": [0, 4, 4],
			"to": [4, 12, 12],
			"rotation": {"angle": 0, "axis": "y", "origin": [16, 0, -16]},
			"faces": {
				"north": {"uv": [4, 0, 8, 2], "rotation": 90, "texture": "#0"},
				"south": {"uv": [4, 2, 8, 0], "rotation": 90, "texture": "#0"},
				"up": {"uv": [8, 2, 4, 0], "rotation": 90, "texture": "#0"},
				"down": {"uv": [8, 0, 4, 2], "rotation": 270, "texture": "#0"}
			}
		}
	]
}