{
	"credit": "Made with Blockbench",
	"parent": "block/block",
	"textures": {
		"3": "tfc:block/devices/barrel_rack/spigot",
		"inside": "tfc:block/wood/barrel/inside/oak",
		"particle": "#outside",
		"outside": "tfc:block/wood/barrel/outside/oak",
		"sheet": "tfc:block/wood/sheet/oak"
	},
	"elements": [
		{
			"from": [15, 2, 7],
			"to": [18, 4, 9],
			"rotation": {"angle": 0, "axis": "y", "origin": [15, 3, 8]},
			"faces": {
				"north": {"uv": [3, 2, 6, 4], "texture": "#3"},
				"east": {"uv": [1, 2, 3, 4], "texture": "#3"},
				"south": {"uv": [0, 4, 3, 6], "texture": "#3"},
				"up": {"uv": [3, 0, 6, 2], "rotation": 180, "texture": "#3"},
				"down": {"uv": [3, 4, 6, 6], "rotation": 180, "texture": "#3"}
			}
		},
		{
			"from": [16.5, 5, 5.5],
			"to": [17.5, 6, 8.5],
			"rotation": {"angle": 0, "axis": "y", "origin": [17, 5.5, 8]},
			"faces": {
				"north": {"uv": [10, 0, 11, 1], "texture": "#3"},
				"east": {"uv": [8, 0, 11, 1], "texture": "#3"},
				"south": {"uv": [6, 0, 7, 1], "texture": "#3"},
				"west": {"uv": [8, 0, 11, 1], "rotation": 180, "texture": "#3"},
				"up": {"uv": [8, 0, 11, 1], "rotation": 270, "texture": "#3"},
				"down": {"uv": [8, 0, 11, 1], "rotation": 90, "texture": "#3"}
			}
		},
		{
			"from": [16.5, 1, 7.5],
			"to": [17.5, 5, 8.5],
			"rotation": {"angle": 0, "axis": "y", "origin": [17, 4.5, 7.5]},
			"faces": {
				"north": {"uv": [7, 1, 8, 5], "texture": "#3"},
				"east": {"uv": [7, 1, 8, 5], "texture": "#3"},
				"south": {"uv": [7, 1, 8, 5], "texture": "#3"},
				"west": {"uv": [7, 1, 8, 5], "texture": "#3"},
				"down": {"uv": [7, 5, 8, 6], "texture": "#3"}
			}
		},
		{
			"from": [1, 1, 3],
			"to": [15, 11, 13],
			"rotation": {"angle": 0, "axis": "y", "origin": [8, 6, 8]},
			"faces": {
				"east": {"uv": [3, 3, 13, 13], "texture": "#sheet"},
				"west": {"uv": [3, 3, 13, 13], "texture": "#sheet"}
			}
		},
		{
			"from": [0, 0, 2],
			"to": [16, 11, 3],
			"rotation": {"angle": 0, "axis": "y", "origin": [8, 6, 8]},
			"faces": {
				"north": {"uv": [2, 16, 13, 0], "rotation": 90, "texture": "#outside"},
				"east": {"uv": [1, 2, 2, 13], "rotation": 180, "texture": "#inside"},
				"south": {"uv": [0, 2, 16, 13], "rotation": 180, "texture": "#inside"},
				"west": {"uv": [1, 2, 2, 13], "texture": "#inside"},
				"down": {"uv": [13, 0, 14, 16], "rotation": 90, "texture": "#outside"}
			}
		},
		{
			"from": [0, 1, 13],
			"to": [16, 12, 14],
			"rotation": {"angle": 0, "axis": "y", "origin": [8, 6, 8]},
			"faces": {
				"north": {"uv": [0, 2, 16, 13], "texture": "#inside"},
				"east": {"uv": [8, 2, 9, 13], "rotation": 180, "texture": "#inside"},
				"south": {"uv": [2, 0, 13, 16], "rotation": 90, "texture": "#outside"},
				"west": {"uv": [9, 2, 10, 13], "texture": "#inside"},
				"up": {"uv": [13, 0, 14, 16], "rotation": 90, "texture": "#outside"}
			}
		},
		{
			"from": [0, 0, 3],
			"to": [16, 1, 14],
			"rotation": {"angle": 0, "axis": "y", "origin": [8, 6, 8]},
			"faces": {
				"east": {"uv": [7, 2, 8, 13], "rotation": 270, "texture": "#inside"},
				"south": {"uv": [13, 0, 14, 16], "rotation": 90, "texture": "#outside"},
				"west": {"uv": [7, 2, 8, 13], "rotation": 90, "texture": "#inside"},
				"up": {"uv": [0, 2, 16, 13], "rotation": 180, "texture": "#inside"},
				"down": {"uv": [2, 0, 13, 16], "rotation": 90, "texture": "#outside"}
			}
		},
		{
			"from": [0, 11, 2],
			"to": [16, 12, 13],
			"rotation": {"angle": 0, "axis": "y", "origin": [8, 6, 8]},
			"faces": {
				"north": {"uv": [1, 16, 2, 0], "rotation": 90, "texture": "#outside"},
				"east": {"uv": [1, 2, 2, 13], "rotation": 270, "texture": "#inside"},
				"west": {"uv": [1, 2, 2, 13], "rotation": 90, "texture": "#inside"},
				"up": {"uv": [2, 0, 13, 16], "rotation": 90, "texture": "#outside"},
				"down": {"uv": [0, 2, 16, 13], "rotation": 180, "texture": "#inside"}
			}
		},
		{
			"from": [15.01, 1, 6],
			"to": [15.01, 5, 10],
			"rotation": {"angle": 0, "axis": "y", "origin": [15, 2, 8]},
			"faces": {
				"east": {"uv": [0, 7, 4, 11], "texture": "#3"}
			}
		}
	]
}