{
    "entity.cart.attach": {
        "sounds": [
            "astikorcarts:entity/cart/attach"
        ],
        "subtitle": "subtitles.astikorcarts.cart.attached"
    },
    "entity.cart.detach": {
        "sounds": [
            "astikorcarts:entity/cart/detach"
        ],
        "subtitle": "subtitles.astikorcarts.cart.detached"
    },
    "entity.cart.place": {
        "sounds": [
            "astikorcarts:entity/cart/place"
        ],
        "subtitle": "subtitles.astikorcarts.cart.placed"
    }
}
