{
	"credit": "Made by Vexxel#9727 with Blockbench || https://github.com/Vexxel || 2022",
	"textures": {
		"side": "tfc:block/plant/moss/moss_hanging",
		"particle": "tfc:block/plant/moss/moss_block",
		"layer0": "tfc:block/plant/moss/moss_block"
	},
	"elements": [
		{
			"from": [0, 15, 0],
			"to": [16, 16, 16],
			"faces": {
				"north": {"uv": [0, 0, 16, 1], "texture": "#layer0", "cullface": "north"},
				"east": {"uv": [0, 0, 16, 1], "texture": "#layer0", "cullface": "east"},
				"south": {"uv": [0, 0, 16, 1], "texture": "#layer0", "cullface": "south"},
				"west": {"uv": [0, 0, 16, 1], "texture": "#layer0", "cullface": "west"},
				"up": {"uv": [0, 0, 16, 16], "texture": "#layer0", "cullface": "up"},
				"down": {"uv": [0, 16, 16, 0], "texture": "#layer0", "cullface": "down"}
			}
		},
		{
			"from": [0, 0, 3],
			"to": [16, 16, 3],
			"rotation": {"angle": 0, "axis": "y", "origin": [8, 8, 11]},
			"faces": {
				"north": {"uv": [0, 0, 16, 16], "texture": "#side"},
				"south": {"uv": [0, 0, 16, 16], "texture": "#side"}
			}
		},
		{
			"from": [0, 0, 13],
			"to": [16, 16, 13],
			"rotation": {"angle": 0, "axis": "y", "origin": [8, 8, 21]},
			"faces": {
				"north": {"uv": [0, 0, 16, 16], "texture": "#side"},
				"south": {"uv": [0, 0, 16, 16], "texture": "#side"}
			}
		},
		{
			"from": [3, 0, 0],
			"to": [3, 16, 16],
			"rotation": {"angle": 0, "axis": "y", "origin": [10, 8, 8]},
			"faces": {
				"east": {"uv": [0, 0, 16, 16], "texture": "#side"},
				"west": {"uv": [0, 0, 16, 16], "texture": "#side"}
			}
		},
		{
			"from": [13, 0, 0],
			"to": [13, 16, 16],
			"rotation": {"angle": 0, "axis": "y", "origin": [20, 8, 8]},
			"faces": {
				"east": {"uv": [0, 0, 16, 16], "texture": "#side"},
				"west": {"uv": [0, 0, 16, 16], "texture": "#side"}
			}
		}
	]
}