{
	"credit": "Made with Blockbench",
	"textures": {
		"0": "createaddition:block/rolling_mill/andesite_casing_short",
		"1": "create:block/andesite_casing",
		"2": "create:block/fan_side",
		"particle": "createaddition:block/rolling_mill/andesite_casing_short"
	},
	"elements": [
		{
			"name": "base",
			"from": [0, 0, 0],
			"to": [16, 4, 16],
			"faces": {
				"north": {"uv": [0, 0, 16, 4], "texture": "#0"},
				"east": {"uv": [0, 0, 16, 4], "texture": "#0"},
				"south": {"uv": [0, 0, 16, 4], "texture": "#0"},
				"west": {"uv": [0, 0, 16, 4], "texture": "#0"},
				"up": {"uv": [0, 0, 16, 16], "texture": "#1"},
				"down": {"uv": [0, 0, 16, 16], "texture": "#1", "cullface": "down"}
			}
		},
		{
			"name": "west",
			"from": [2, 4, 2],
			"to": [3, 16, 14],
			"faces": {
				"north": {"uv": [13.5, 0, 14.5, 12], "texture": "#2"},
				"east": {"uv": [2, 0, 14, 11], "texture": "#2"},
				"south": {"uv": [1.5, 0, 2.5, 11], "texture": "#2"},
				"west": {"uv": [2, 0, 14, 11], "texture": "#2"},
				"up": {"uv": [2, 3.5, 14, 4.5], "rotation": 90, "texture": "#0"}
			}
		},
		{
			"name": "east",
			"from": [13, 4, 2],
			"to": [14, 16, 14],
			"faces": {
				"north": {"uv": [1.5, 0, 2.5, 12], "texture": "#2"},
				"east": {"uv": [2, 0, 14, 11], "texture": "#2"},
				"south": {"uv": [13.5, 0, 14.5, 12], "texture": "#2"},
				"west": {"uv": [2, 0, 14, 11], "texture": "#2"},
				"up": {"uv": [2, 3.5, 14, 4.5], "rotation": 270, "texture": "#0"}
			}
		}
	]
}