{
	"credit": "Made with Blockbench",
	"textures": {
		"0": "createaddition:block/rolling_mill/andesite_casing_short",
		"1": "create:block/andesite_casing",
		"2": "create:block/fan_side",
		"particle": "createaddition:block/rolling_mill/andesite_casing_short",
		"1_0": "create:block/axis",
		"1_1": "create:block/axis_top"
	},
	"elements": [
		{
			"name": "base",
			"from": [0, 0, 0],
			"to": [16, 4, 16],
			"faces": {
				"north": {"uv": [0, 0, 16, 4], "texture": "#0"},
				"east": {"uv": [0, 0, 16, 4], "texture": "#0"},
				"south": {"uv": [0, 0, 16, 4], "texture": "#0"},
				"west": {"uv": [0, 0, 16, 4], "texture": "#0"},
				"up": {"uv": [0, 0, 16, 16], "texture": "#1"},
				"down": {"uv": [0, 0, 16, 16], "texture": "#1", "cullface": "down"}
			}
		},
		{
			"name": "west",
			"from": [2, 4, 2],
			"to": [3, 16, 14],
			"faces": {
				"north": {"uv": [13.5, 0, 14.5, 12], "texture": "#2"},
				"east": {"uv": [2, 0, 14, 11], "texture": "#2"},
				"south": {"uv": [1.5, 0, 2.5, 12], "texture": "#2"},
				"west": {"uv": [2, 0, 14, 11], "texture": "#2"},
				"up": {"uv": [2, 3.5, 14, 4.5], "rotation": 90, "texture": "#0"}
			}
		},
		{
			"name": "east",
			"from": [13, 4, 2],
			"to": [14, 16, 14],
			"faces": {
				"north": {"uv": [1.5, 0, 2.5, 12], "texture": "#2"},
				"east": {"uv": [2, 0, 14, 11], "texture": "#2"},
				"south": {"uv": [13.5, 0, 14.5, 11], "texture": "#2"},
				"west": {"uv": [2, 0, 14, 11], "texture": "#2"},
				"up": {"uv": [2, 3.5, 14, 4.5], "rotation": 270, "texture": "#0"}
			}
		},
		{
			"name": "Axis1",
			"from": [0, 6, 6],
			"to": [16, 10, 10],
			"shade": false,
			"rotation": {"angle": 22.5, "axis": "x", "origin": [8, 8, 8]},
			"faces": {
				"north": {"uv": [6, 6, 10, 10], "rotation": 180, "texture": "#1_1"},
				"east": {"uv": [6, 0, 10, 10], "rotation": 270, "texture": "#1_0"},
				"south": {"uv": [6, 6, 10, 10], "texture": "#1_1"},
				"west": {"uv": [6, 0, 10, 10], "rotation": 90, "texture": "#1_0"},
				"up": {"uv": [6, 0, 10, 10], "rotation": 180, "texture": "#1_0"},
				"down": {"uv": [6, 0, 10, 10], "texture": "#1_0"}
			}
		},
		{
			"name": "Axis2",
			"from": [0, 10, 6],
			"to": [16, 14, 10],
			"shade": false,
			"rotation": {"angle": -22.5, "axis": "x", "origin": [8, 12, 8]},
			"faces": {
				"north": {"uv": [6, 6, 10, 10], "rotation": 180, "texture": "#1_1"},
				"east": {"uv": [6, 0, 10, 10], "rotation": 270, "texture": "#1_0"},
				"south": {"uv": [6, 6, 10, 10], "texture": "#1_1"},
				"west": {"uv": [6, 0, 10, 10], "rotation": 90, "texture": "#1_0"},
				"up": {"uv": [6, 0, 10, 10], "rotation": 180, "texture": "#1_0"},
				"down": {"uv": [6, 0, 10, 10], "texture": "#1_0"}
			}
		}
	]
}