{
	"credit": "Made with Blockbench",
	"parent": "block/block",
	"textures": {
		"2": "firmalife:block/devices/vat/vat_side",
		"3": "firmalife:block/devices/vat/vat_bottom",
		"4": "firmalife:block/devices/vat/lid_top",
		"particle": "firmalife:block/devices/vat/vat_top"
	},
	"elements": [
		{
			"from": [1, 0, 1],
			"to": [15, 1, 15],
			"faces": {
				"north": {"uv": [1, 15, 15, 16], "texture": "#2"},
				"east": {"uv": [1, 15, 15, 16], "texture": "#2"},
				"south": {"uv": [1, 15, 15, 16], "texture": "#2"},
				"west": {"uv": [1, 15, 15, 16], "texture": "#2"},
				"up": {"uv": [0, 0, 14, 14], "texture": "#3"},
				"down": {"uv": [1, 1, 15, 15], "texture": "#3"}
			}
		},
		{
			"from": [1, 1, 1],
			"to": [15, 12, 2],
			"faces": {
				"north": {"uv": [1, 4, 15, 15], "texture": "#2"},
				"south": {"uv": [0, 0, 14, 11], "texture": "#2"},
				"up": {"uv": [0, 0, 14, 1], "texture": "#2"}
			}
		},
		{
			"from": [1, 1, 14],
			"to": [15, 12, 15],
			"faces": {
				"north": {"uv": [0, 0, 14, 11], "texture": "#missing"},
				"east": {"uv": [1, 4, 2, 15], "texture": "#2"},
				"south": {"uv": [1, 4, 15, 15], "texture": "#2"},
				"west": {"uv": [14, 4, 15, 15], "texture": "#2"},
				"up": {"uv": [0, 0, 14, 1], "texture": "#missing"}
			}
		},
		{
			"from": [1, 1, 1],
			"to": [2, 12, 14],
			"faces": {
				"east": {"uv": [0, 0, 13, 11], "texture": "#missing"},
				"west": {"uv": [1, 4, 14, 15], "texture": "#2"},
				"up": {"uv": [0, 0, 1, 13], "texture": "#missing"}
			}
		},
		{
			"from": [14, 1, 1],
			"to": [15, 12, 14],
			"faces": {
				"east": {"uv": [2, 4, 15, 15], "texture": "#2"},
				"west": {"uv": [0, 0, 13, 11], "texture": "#2"},
				"up": {"uv": [0, 0, 1, 13], "texture": "#2"}
			}
		},
		{
			"from": [0, 12, 0],
			"to": [16, 13, 16],
			"faces": {
				"north": {"uv": [0, 3, 16, 4], "texture": "#2"},
				"east": {"uv": [0, 3, 16, 4], "texture": "#2"},
				"south": {"uv": [0, 3, 16, 4], "texture": "#2"},
				"west": {"uv": [0, 3, 16, 4], "texture": "#2"},
				"up": {"uv": [0, 0, 16, 16], "texture": "#4"},
				"down": {"uv": [0, 0, 16, 16], "texture": "#3"}
			}
		},
		{
			"from": [6, 13, 6],
			"to": [10, 14, 10],
			"faces": {
				"north": {"uv": [6, 6, 10, 7], "texture": "#4"},
				"east": {"uv": [0, 0, 4, 1], "texture": "#4"},
				"south": {"uv": [6, 6, 10, 7], "texture": "#4"},
				"west": {"uv": [6, 9, 10, 10], "texture": "#4"},
				"up": {"uv": [6, 6, 10, 10], "texture": "#4"},
				"down": {"uv": [0, 0, 6, 6], "texture": "#missing"}
			}
		}
	]
}